42202107200001,臺中市私立博盛文理短期補習班,北屯區台中市北屯區昌平路2段11之7號
42202101140002,臺中市私立嘉虹文理短期補習班,北屯區台中市北屯區景賢路151號
42202101080001,蘋果芽數位科技股份有限公司附設臺中市私立橘子蘋果電腦短期補習班,北屯區台中市北屯區安順二街35號
42202011180001,臺中市私立天堂鳥文理技藝短期補習班,北屯區台中市北屯區昌平路2段20-1-1號
42202010240001,閎富文教有限公司附設臺中市私立閎富文理短期補習班,北屯區台中市北屯區北屯路198-1號
42202008310002,臺中市私立純白舍技藝短期補習班,北屯區台中市北屯區三光巷49之1號
42202007160001,臺中市私立詮品文理短期補習班,台中市北屯區軍福13路369號
42202007070001,臺中市私立數智文理短期補習班,台中市烏日區三榮15路22號
42202003120002,棨楊餐飲股份有限公司附設臺中市私立桔咖啡國際沖泡系統技藝短期補習班,北屯區台中市北屯區文心路4段63號
42201908260002,臺中市私立怡饈妮技藝短期補習班,北區台中市北區東光路252號
42201908210001,臺中市私立童兒園文理短期補習班,北屯區台中市北屯區環中東路2段286號
42201903250001,鴻宇文教事業有限公司附設臺中市私立鴻宇文理短期補習班,北區台中市北區漢口路4段15號
42201902150001,博全文教事業有限公司附設臺中市私立博全文理短期補習班,北區台中市北區英才路80號
42201902180003,臺中市私立育強文理短期補習班,北區台中市北區育強街139號
42201711100001,皓學顧問有限公司附設私立揚才文理短期補習班,北屯區台中市北屯區東山路1段192之19號
42201710180001,臺中市私立維恩音樂短期補習班,北屯區台中市北屯區北平路4段112號
42201703010001,臺中市私立耶魯文理音樂美術短期補習班大元分班分班,大里區台中市大里區現岱路78號
42201612080001,臺中市私立楊老師文理短期補習班,台中市后里區廠舍莊2弄9號
42201607180001,臺中市私立創異音樂文理短期補習班,大里區台中市大里區新南路148號
42201607150001,臺中市私立敦儒文理短期補習班,台中市大里區永隆2街148號
42201603240001,臺中市私立學論文理短期補習班,大里區台中市大里區自立路122號
42201601180001,臺中市私立鼎育文理短期補習班,東區台中市東區力行路200巷3號
42201502030001,臺中市私立芯苑文理短期補習班,台中市潭子區光陽路116號
42201908230001,臺中市私立樂霖文理短期補習班,北屯區台中市北屯區瀋陽路2段42號
42201501160001,臺中市私立華而敦國際文理短期補習班,台中市北屯區崇德5路146巷28號
42201407100001,臺中市私立萊恩大新文理短期補習班,台中市南屯區大墩10街349號
42201402100001,臺中市私立東佳文理短期補習班,台中市龍井區台中市龍井區舊車路3巷31弄14號
42201311260001,臺中市私立昭和日語短期補習班,台中市南區有恆街167號
42201203050001,臺中市私立布拉格音樂舞蹈短期補習班,台中市西屯區漢成4街6號
42201009140001,台中市私立百達資優文理附設技藝短期補習班,403台中市西區五權七街160號
42201109010002,台中市私立律於美文理藝術短期補習班,台中市南屯區大墩12街628、630號
42201105250003,臺中市私立華韻音樂美語短期補習班,台中市北屯區軍福16路360-2號
42201012210001,臺中市私立大弘文理短期補習班,407台中市西屯區大有五街25號
42201101220002,台中市私立威佳美語短期補習班,西區台中市西區英才路421號
42201009270001,康爾嘉股份有限公司附設臺中市私立康爾嘉語文資訊舞蹈短期補習班,407台中市西屯區上安路39巷16號
42201011220001,臺中市私立新思維文理短期補習班,408台中市南屯區向上路2段459號
42201010250001,百世教育科技股份有限公司附設臺中市私立百世文理短期補習班崇德分班,404台中市北區進化北路229號
42201011120001,巨匠電腦股份有限公司台中三民美語分公司附設臺中市私立鉅匠美語短期補習班,404台中市北區三民路3段117-4號
42201011020001,臺中市私立禾禾音樂短期補習班,407台中市西屯區西屯路3段148之15號
42201009300001,敦展文教事業有限公司附設臺中市私立鑫快樂文理附設技藝短期補習班,408台中市南屯區永春東路251號
42201011120002,中國青年救國團臺中市團務指導委員會附設臺中市私立西屯語文技藝短期補習班,407台中市西屯區文心路3段126號
42201011020001,臺中市私立禾禾音樂短期補習班,407台中市西屯區西屯路3段148之15號
42201010270001,臺中市私立旭星文理短期補習班,406台中市北屯區景賢南二路1號
42201004300001,台中市私立立成文理短期補習班,404台中市北區尊賢街7號
42201010220001,台中市私立優樂音樂短期補習班,408台中市南屯區河南路4段206號
42201007090001,臺中市私立蒙芽國際文化美語技藝短期補習班,403台中市西區中興街183號
42201007220002,臺中市私立童畫畫室美術短期補習班,407台中市西屯區福泰街96號
42201005040001,臺中市私立博克立文理短期補習班,403台中市西區市府路25號
42201007080001,台中市私立菁英文理短期補習班,406台中市北屯區文昌東十二街16號
42201007270002,台灣拓人教育事業股份有限公司附設台中市私立拓人文理短期補習班,404台中市北區進化北路221號
42201007290002,臺中市私立冠達美語短期補習班,408台中市南屯區永春東路361號
42201008200001,台中市私立童顏無忌美術短期補習班,406台中市北屯區文昌二街46號
42201005170001,臺中市私立大毅數學短期補習班,407台中市西屯區上安路115號
42201009109001,臺中市私立美樂文理短期補習班,台中市東勢區中正路146號
42201007260002,台中市私立文儒菁英文理短期補習班,404台中市北區漢口路3段20號
42201007220001,台中市私立品學文理短期補習班,404台中市北區美德街472號
42201006230001,台中市私立明達文理短期補習班,408台中市南屯區大業路232號
42201005310001,臺中市私立堤斯音樂短期補習班,406台中市北屯區松義街173號
42201006140001,台中市私立藝門設計美術短期補習班,404台中市北區三民路3段217號
42201007010001,臺中市私立育碩美語短期補習班,407台中市西屯區福雅路128巷29號
42201006240001,臺中市私立張城吉美術短期補習班忠明分班,403台中市西區忠明南路380號
42201006010001,台中市私立舉振文理短期補習班,406台中市北屯區崇德六路1段125號
42201002050001,私立楠一文理短期補習班,406台中市北屯區遼寧路1段195號
42201005210001,台中市私立立昇文理附設美術短期補習班,408台中市南屯區大英西一街80號
42201005140001,臺中市私立鋒昕文理短期補習班,406台中市北屯區崇德六路1段127號
42201005130001,台中市私立八大藝術教室美術短期補習班,404台中市北區文昌東一街57號
42201008200002,臺中市私立得人文理短期補習班,404台中市北區太原路2段231號
42201004010002,台中市私立昇耕文理短期補習班,406台中市北屯區瀋陽北路45號
42201004090002,私立昌平文理短期補習班,406台中市北屯區昌平路2段10號
42201002220001,功學社音樂中心股份有限公司台中分公司附設臺中市私立功府音樂短期補習班,400台中市中區市府路97號
42201004010001,台中市私立勁銘文理短期補習班,408台中市南屯區三和街33號
42201003030001,臺中市私立嘉讚語文短期補習班,402台中市南區福田路15號
42201002090001,私立優寶貝韻律舞蹈短期補習班,408台中市南屯區文心路1段371號
42201002230001,臺中市私立正人仁文理短期補習班,407台中市西屯區福科路292號
42201001210001,譜卡文化事業有限公司附設臺中市私立文心打擊音樂短期補習班,408台中市南屯區文心路1段371號
42200912280001,因材施教文教事業有限公司附設台中市私立因材施教圍棋音樂短期補習班,403台中市西區公館路60號
42200912290001,台中市私立幸福外語短期補習班,400台中市中區綠川西街61號
42200910160001,臺中市私立林杰文理短期補習班西屯分班,407台中市西屯區西屯路二段297之14號
42201001070001,英達菁英有限公司附設臺中市私立英達文理短期補習班,402台中市南區福田三街145號
42200910190001,臺中市私立長安文理短期補習班,408台中市南屯區大墩十街264號
42200912150001,書暉有限公司附設臺中市私立尚宣文理短期補習班,407台中市西屯區文中路5號
42200912090002,中華稅務研習有限公司附設臺中市私立福田工商文理短期補習班,402台中市南區福田路87號
42200912100001,臺中市私立欣和音樂短期補習班,407台中市西屯區福泰街86號
42200912030001,臺中市私立嘉得文理短期補習班,406台中市北屯區安順東四街18號
42200911040002,私立嘉新語文短期補習班,408台中市南屯區文心路1段272號
42200910060002,私立文英文理短期補習班,403台中市西區民生路330號
42200910050001,臺中市私立依麒美術短期補習班,407台中市西屯區福科路533號
42200909280001,私立快樂音樂家音樂附設文理短期補習班,406台中市北屯區后庄七街136巷52號
42200908170002,私立曙德文理短期補習班,403台中市西區三民路1段165號
42200908140001,臺中市私立英傑文理短期補習班,402台中市南區五權南路392號
42200908190002,私立渝快樂文理短期補習班,408台中市南屯區河南路4段387號
42200908190001,私立優博士小學堂文理短期補習班,403台中市西區五權七街174號
42200908170001,臺中市私立斯普林美語美術珠心算短期補習班,402台中市南區五權南路661-1號
42200908140002,臺中市私立張城吉美術短期補習班青海分班,407台中市西屯區漢口路一段145號
42200801040001,臺中市私立培德文理短期補習班,407台中市西屯區西安街133號
42200906300001,百瀚國際文教企業股份有限公司台中市分公司附設台中市私立百瀚文理短期補習班,404台中市北區漢口路3段41號
42200907020001,私立那蒂雅美語會話短期補習班,408台中市南屯區大墩路385號
42200812020001,私立文堤鳥作文珠心算短期補習班,台中市北屯區崇德6路1段121號
42200905190001,臺中市私立安可音樂短期補習班,407台中市西屯區大隆路84-1號
42200901220002,中儒林文教有限公司附設台中市私立力誠文理短期補習班,404台中市北區三民路3段217號
42200904050001,私立音名文理短期補習班,406台中市北屯區遼陽三街9號
42200902250001,臺中市私立郁學珠心算短期補習班,406台中市北屯區太原路3段101巷8號
42200806240001,私立三合天津英語短期補習班,406台中市北屯區天津路3段11號
42200902250002,巨匠電腦股份有限公司公益美語分公司附設臺中市私立巨匠語文短期補習班,403台中市西區公益路161之1號
42200902190002,聯成數位教育有限公司附設臺中市私立聯城電腦短期補習班,407台中市西屯區逢甲路159號
42200811270002,臺中市私立考銓文理短期補習班,400台中市中區綠川西街85號
42200901220001,私立瑞文文理短期補習班,台中市北屯區軍福15路378號
42200901100002,私立高峰文理短期補習班,406台中市北屯區軍功路1段736號
42200902050001,私立三玄美語短期補習班,404台中市北區青島東街37號
42200901140001,臺中市私立肯恩文理短期補習班惠文分班,408台中市南屯區河南路4段456-1號
42200901150001,臺中市昶宏文理短期補習班,台中市本市北屯區軍福十一路380號
42200812170001,臺中市私立林樵數學文理短期補習班,404台中市北區漢口路3段80-1號
42200809240001,臺中市私立智慧文理附設珠心算短期補習班,407台中市西屯區烈美街48號
42200812160001,臺中市私立拉丁舞蹈短期補習班,407台中市西屯區寧夏路79號
42200901100001,臺中市私立真善美文理短期補習班,407台中市西屯區上安路42號
42200812120001,私立音悅音樂短期補習班,406台中市北屯區北屯路286-1號
42200801080002,私立茵皇文理短期補習班,406台中市北屯區軍福十二路146號
42200811050001,臺中市私立張量文理短期補習班,407台中市西屯區上安路82號
42200811270001,志光教育科技股份有限公司附設臺中市私立學儒志聖文理公職證照短期補習班,401台中市東區復興路4段76號
42200811200001,臺中市私立格瑞歐文理短期補習班,407台中市西屯區上石路198號
42200808040001,臺中市私立稻荷日本語短期補習班,404台中市北區民權路586號
42200810280002,臺中市私立錦文文理短期補習班,402台中市南區復興路2段74號
42200809260001,臺中市私立伯爵美語附設美術短期補習班,406台中市北屯區平德路142巷8號
42200809300001,臺中市私立大今華文理短期補習班,407台中市西屯區寧夏路231號
42200809300003,臺中市私立米樂文理短期補習班,407台中市西屯區上安路40-1號
42200809240002,私立上尚文理附設珠心算短期補習班,404台中市北區梅川西路3段10號
42200809100001,私立佳育文理短期補習班,406台中市北屯區平德路146號
42200807300003,臺中市私立淘氣兒童美術短期補習班,402台中市南區工學路58巷12號
42200803200001,奧林匹克文化事業股份有限公司附設臺中市私立智優英數短期補習班,407台中市西屯區福科路302號
42200806260002,財團法人台灣聖公會附設臺中市私立聖雅各語文短期補習班,403台中市西區五權西路1段25號
42200807300001,臺中市私立鈞鴻文理短期補習班,407台中市西屯區福科路280號
42200806270001,私立安易文理短期補習班,404台中市北區五常街8號
42200803120001,臺中市私立學而文理短期補習班,407台中市西屯區上安路161號
42200806030001,臺中市私立進億文理短期補習班,404台中市北區梅亭街202號
42200711230001,臺中市私立明欣文理短期補習班,406台中市北屯區陳平路81號
42200806020001,中國青年救國團台中市團委會附設台中市私立北屯美語電腦烹飪舞蹈短期補習班,406台中市北屯區文心路4段821號
42200805300002,私立提禾美術短期補習班,408台中市南屯區向上南路1段329號
42200806250001,私立綠鋼琴音樂附設文理短期補習班,403台中市西區公正路123號
42200804180001,臺中市私立巴比文理短期補習班,404台中市北區雙十路2段40巷6號
42200803130001,私立邑中文理短期補習班,403台中市西區向上路1段118號
42200802200002,私立新實力土木建築短期補習班,400台中市中區三民路2段46號
42200804100001,私立名翰文理短期補習班,403台中市西區大和路42號
42200709080001,臺中市私立夏倫美美語會話短期補習班,407台中市西屯區福雅路141號
42200803110001,臺中市私立碩儒文理短期補習班,404台中市北區英才路106號
42200803240001,私立快樂童年文理附設美術短期補習班,406台中市北屯區東山路1段142之8號
42200803190001,柏煌管理顧問股份有限公司附設臺中市私立伊美美容文理短期補習班,400台中市中區中山路27號
42200803130003,臺中市私立創意人文理短期補習班,406台中市北屯區崇德五路146號
42200802120001,私立優點文理短期補習班,408台中市南屯區萬和路2段11號
42200801080001,私立佳昱文理短期補習班,406台中市北屯區崇德六路38號
42200801090002,學晟有限公司附設臺中市私立韋博文理短期補習班,408台中市南屯區河南路4段397號
42200712280001,臺中市私立育山文理短期補習班,401台中市東區育英路33之8號
42200803060001,百世教育科技股份有限公司附設臺中市私立百世文理短期補習班大勇分班,403台中市西區忠明南路369號
42200712190002,臺中市私立彩石文理附設美術短期補習班,403台中市西區四維街48-1號
42200711210001,私立新狀元文理短期補習班,403台中市西區三民路1段125-8號
42200705210001,因材施教文教事業有限公司附設臺中市私立活水圍棋短期補習班,408台中市南屯區向上路1段666號
42200712100001,臺中市私立三上文理短期補習班,404台中市北區北平二街24號
42200709030002,私立旗艦文理短期補習班,408台中市南屯區永春東路239號
42200710220001,私立登楓英語會話短期補習班,404台中市北區漢口路4段102-1號
42200711280001,私立霖恩美語短期補習班,403台中市西區忠明路9號
42200710050001,私立精睿文理短期補習班,406台中市北屯區中清路2段467號
42200711130002,臺中市私立音樂王國音樂短期補習班,407台中市西屯區福科路780號
42200710170001,私立旌旗美語會話短期補習班　　,406台中市北屯區軍福19路36號
42200802219016,臺中市私立學豐文理短期補習班,台中市大雅區中清南路37巷19號
42200711150002,臺中私立北爾頓文理短期補習班,407台中市西屯區烈美街23號
42200710220003,臺中市私立張瑜文理短期補習班,402台中市南區興大路52號
42200701310001,臺中市私立賀璽文理短期補習班,406台中市北屯區陳平一街71巷2號
42200710220002,私立路得文理短期補習班,408台中市南屯區忠勇路91之18號
42200711050002,私立陳樵文理短期補習班,403台中市西區大昌街192號
42200709170003,震宏文理教育股份有限公司附設臺中市私立震宏文理短期補習班,407台中市西屯區福泰街102號
42200710050002,私立升揚文理短期補習班,408台中市南屯區向上南路1段199號
42200709050003,私立名冠音樂短期補習班,406台中市北屯區東山路1段152之5號
42200709070002,私立境文文理短期補習班,408台中市南屯區文山十街31號
42200711010001,私立康克文理短期補習班,406台中市北屯區瀋陽路3段31號
42200711070001,私立陽光文理短期補習班,406台中市北屯區北興街47號
42200708280002,私立巴魯巴美術短期補習班,408台中市南屯區大英西二街79號
42200710150001,臺中市私立張城吉美術短期補習班興安分班,406台中市北屯區興安路1段277號
42200707110001,私立樂維文理短期補習班,408台中市南屯區大墩路387號
42200710160001,臺中市私立張城吉美術短期補習班,404台中市北區漢口路3段67號
42200708170001,北儒科技文教有限公司附設臺中市私立建儒文理短期補習班,404台中市北區尊賢街7號
42200708070001,私立冠捷文理短期補習班,406台中市北屯區興安路1段70號
42200710230001,臺中市私立伊利若音樂短期補習班文心分班,407台中市西屯區文心路3段216號
42200707250002,私立新學子文理短期補習班,403台中市西區三民路1段177號
42200707120001,私立欣育文理短期補習班,406台中市北屯區平德路148號
42200707170001,翰品教育股份有限公司附設臺中市私立森學堂文理短期補習班,408台中市南屯區大進街519號
42200707050001,臺中市私立新禾文理短期補習班,403台中市西區民權路81、.83號
42200705090001,臺中市私立智揚文理短期補習班,406台中市北屯區豐樂路10之31號
42200705140001,私立雅琪時尚造型短期補習班,404台中市北區五常街257號
42200704190002,大總統文化事業有限公司附設臺中市私立大南海法商短期補習班,407台中市西屯區逢甲路80號
42200705250002,臺中市私立西雅圖美語短期補習班,402台中市南區南昌街55號
42200704020001,康培士英語諮詢顧問有限公司附設臺中市私立康培士語文短期補習班,408台中市南屯區大進街490號
42200704090001,私立學正文理短期補習班,406台中市北屯區東山路1段216之34號
42200704240003,臺中市私立劉靖文理附設美術短期補習班,407台中市西屯區西安街76巷3弄3號
42200704250002,私立知田文理短期補習班,406台中市北屯區北屯路439之16號
42200704230002,私立昇格文理短期補習班,404台中市北區國豐街170號
42200705030001,臺中市私立貝恩珠心算文理短期補習班,407台中市西屯區福科路340巷8號
42200703290003,臺中市私立小風車文理短期補習班,408台中市南屯區大墩十一街267號
42200611100002,私立傑人忠明文理短期補習班,403台中市西區博館路271號
42200703130001,私立育賢文理短期補習班,406台中市北屯區北屯路439-17巷26號
42200703100001,私立育驊文理短期補習班,406台中市北屯區天津路4段208號
42200612150002,臺中市私立樂驊文理短期補習班,407台中市西屯區何厝街67巷6號
42200701230001,私立史乃文音樂藝術短期補習班,408台中市南屯區大業路555號
42200612290002,私立育心美語會話短期補習班,408台中市南屯區南屯路2段235巷5號
42200611230001,臺中市私立文鼎文理短期補習班,402台中市南區正義街57號
42200612120002,台中市私立東光文理短期補習班,台中市北屯區舊社巷15弄60號
42200612200001,百世教育科技股份有限公司附設臺中市私立百世文理短期補習班南屯分班,408台中市南屯區河南路4段456-2號
42200612120001,台中市私立超眾文理短期補習班,406台中市北屯區安順東六街56號
42200612080001,私立米勒文理短期補習班,406台中市北屯區松竹北路145號
42200611270003,私立正觀私塾文理短期補習班,408台中市南屯區大墩12街654號
42200612050001,台中市私立思諾美語短期補習班,406台中市北屯區熱河路3段146號
42200611020002,臺中市私立心象美語會話短期補習班,402台中市南區五權南路306號
42200611240001,臺中市私立聖德文理短期補習班,407台中市西屯區重慶路10號
42200611020001,臺中市私立耀智文理短期補習班,404台中市北區錦新街59號
42200610240001,臺中市私立博聖文理附設電腦短期補習班,407台中市西屯區大弘三街2號
42200611010001,私立巨日文理短期補習班,406台中市北屯區文昌東四街15號
42200608250002,私立肯妮頓美語短期補習班,407台中市西屯區永福路118巷19號
42200609290003,私立元群國語文附設作文美術短期補習班,403台中市西區向上北路240號
42200610030002,私立張瀚文理短期補習班,406台中市北屯區安順東四街9號
42200609180002,私立翰成文理短期補習班,404台中市北區健行路375之3之1號
42200607070004,私立依索寓言文理附設美術短期補習班,408台中市南屯區河南路4段722號
42200609220001,台中市私立江亦帆一中音樂短期補習班,404台中市北區錦新街35之12號
42200609180001,臺中市私立勤力文理短期補習班,407台中市西屯區福科路276號
42200606140002,臺中市私立聚豐餐旅短期補習班,402台中市南區五權南路195號
42200608110001,臺中市私立傑亞鹿文理短期補習班,407台中市西屯區重慶路16號
42200602160002,臺中市私立法之蝶美容短期補習班,401台中市東區復興路四段82號
42200607100001,臺中市私立享想文理短期補習班,407台中市西屯區上仁街142號
42200607100003,私立丹力雯文理短期補習班,406台中市北屯區瀋陽路2段147號
42200607080001,私立樂奇育文理短期補習班,408台中市南屯區河南路4段342號
42200606130002,私立太學堂文理短期補習班,408台中市南屯區河南路4段690巷18號
42200606200001,臺中市私立艾莉英語會話短期補習班,402台中市南區國光路212號
42200605250002,私立奇易文理短期補習班,404台中市北區三民路3段217號
42200605260003,私立睿智圍棋文理短期補習班,407台中市西區民權路85巷10號
42200606010001,臺中市私立沃茲音樂藝術短期補習班,402台中市南區忠明南路478號
42200605170002,臺中市私立豆豆音樂短期補習班,406台中市北屯區太原路3段101巷2號
42200605170003,私立李安文理短期補習班,406台中市北屯區軍功路1段375號
42200605020002,臺中市私立培林文理技藝短期補習班,406台中市北屯區四平路559號
42200604200003,私立米達美語短期補習班,403台中市西區忠明路7號
42200604120001,百世教育科技股份有限公司附設臺中市私立百世文理短期補習班中科分班,407台中市西屯區福泰街72號
42200604030003,臺中市私立翰穎文教文理短期補習班,台中市北屯區軍福13路306號
42200603020003,私立正大文理短期補習班,403台中市西區居仁街9號
42200512120003,私立畢卡索美術美語短期補習班,406台中市北屯區文心路4段970號
42200603210004,私立鈴蘭文理短期補習班,408台中市南屯區五福街136號
42200603210008,臺中市私立聖學文理短期補習班,407台中市西屯區福瑞街27巷12號
42200603100002,私立金莉美容美髮整體造型短期補習班,406台中市北屯區北平路4段123號
42200602080001,私立瀚群文理短期補習班,408台中市南屯區三和街37號
42200602220001,私立三山文理短期補習班,401台中市東區樂業路229-2號
42200602140004,私立諭熙文理短期補習班,408台中市南屯區黎明東街156號
42200512210003,私立億仁文理短期補習班,406台中市北屯區東山路1段218巷1號
42200602210001,私立首學文理短期補習班,408台中市南屯區向上南路1段331號
42200602140003,臺中市私立喬治金鑽文理短期補習班,407台中市西屯區福泰街92號
42200512120004,私立譜樂鋼琴短期補習班,408台中市南屯區河南路4段338號
42200612040001,臺中市私立實力建築土木及都市短期補習班,407台中市西屯區西屯路2段256巷6號
42200602060001,臺中市私立育田技藝文理短期補習班,402台中市南區復興路2段71巷2號
42200601190001,英塔克留遊學諮詢顧問有限公司附設臺中市私立大英國協英語短期補習班,408台中市南屯區文心路1段378號
42200601240002,私立沛育音樂短期補習班,406台中市北屯區綏遠路2段9號
42200509280001,私立邦妮屋文理美術短期補習班,406台中市北屯區平德路168號
42200512270002,臺中市私立柏瑞特文理技藝短期補習班,406台中市北屯區軍福13路373號
42200601100002,私立東林美語短期補習班,403台中市西區居仁街10號
42200512020002,財團法人張老師基金會台中分事務所附設台中市私立張老師文理技藝心理成長短期補習班,404台中市北區進化北路369號
42200511210001,私立品範美語短期補習班,408台中市南屯區河南路4段386號
42200510040001,私立穫達園文理美語短期補習班,406台中市北屯區崇德六路1段137號
42200511070004,臺中市私立智宣文理短期補習班,402台中市南區五權南路179號
42200508230003,臺中市私立大道文理短期補習班,407台中市西屯區成都路32號
42200502250002,私立向陽文理短期補習班,403台中市西區華美街126號
42200509050001,私立吉富爾美語會話短期補習班,406台中市北屯區興安路2段290號
42200509230002,何嘉仁文教事業股份有限公司台中分公司附設台中市私立何嘉仁英語短期補習班〈惠文分班〉,408台中市南屯區大墩十二街631號
42200509260001,臺中市私立秦典文理短期補習班,406台中市北屯區平德路31號
42200508230002,私立黃揚文理短期補習班,406台中市北屯區北平路4段123號
42200506090002,私立科羅拉多英語會話短期補習班,403台中市西區忠誠街109號
42200508020001,臺中市私立歷學文理短期補習班,407台中市西屯區成都路261號
42200507190002,私立懷哲美語、珠心算短期補習班,403台中市西區模範街33之3號
42200506070001,私立聖禾文理短期補習班,408台中市南屯區大昌街525號
42200505050002,私立新優文理短期補習班,403台中市西區繼光街10-1號
42200504220001,私立倍思文理短期補習班,406台中市北屯區瀋陽路3段222號
42200505240001,何嘉仁文教事業股份有限公司台中分公司附設臺中市私立何嘉仁英日語短期補習班逢甲分班,407台中市西屯區逢甲路218號
42200503030001,臺中市私立東東珠心算附設美術短期補習班,402台中市南區仁和路211號
42200505050003,康乃爾英語股份有限公司附設臺中市私立康乃爾英語會話短期補習班,402台中市南區南門路35之1號
42200503160001,何嘉仁文教事業股份有限公司台中分公司附設台中市私立嘉陞英語短期補習班,403台中市西區三民路1段181號
42200504130003,私立才碩英語、數學短期補習班,406台中市北屯區松竹路2段86巷28弄18號
42200504120002,私立富特赫斯音樂附設語文短期補習班,403台中市西區五權西路1段237號
42200503220002,私立群騄文理短期補習班,408台中市南屯區向心路8巷2號
42200503070001,私立全國文理短期補習班,404台中市北區尊賢街2-2號
42200502040001,私立志冠文理短期補習班,406台中市北屯區東山路1段220-7號
42200502250003,私立真愛圍棋文理短期補習班,408台中市南屯區永春東七路896號
42200501190001,臺中市私立華格納文理短期補習班,403台中市西區公益路56號
42200502230002,臺中市私立聖賢文理短期補習班,407台中市西屯區成都路24號
42200501260002,臺中市私立尚泓文理短期補習班,407台中市西屯區上明一街68號
42200501240001,臺中市私立達特比美語會話短期補習班,407台中市西屯區上安路113號
42200501140003,臺中市私立綠芽珠心算附設數學短期補習班,406台中市北屯區昌平路2段11-6號
42200601040002,私立冠人文理短期補習班,403台中市西區繼光街19號
42200412150001,私立傑英英語會話短期補習班,408台中市南屯區大光街115號
42200412230001,臺中市私立方圓圍棋短期補習班,402台中市南區國光路218之1號
42200501050005,私立明沛珠心算短期補習班,408台中市南屯區河南路4段152號
42200511070003,臺中市私立學駿電腦美語短期補習班,407台中市西屯區福泰街91號
42200411290001,台中市私立世藝文理短期補習班,406台中市北屯區旅順路1段98號
42200412100002,私立好望角美語會話附設國語文短期補習班,406台中市北屯區青島路4段247之1號
42200409240003,私立天下文理短期補習班,408台中市南屯區大英西一街67號
42200412130001,優境里寧股份有限公司附設台中市私立優境里寧瑜珈短期補習班,408台中市南屯區大墩11街411號
42200412130004,誠明文教管理事業股份有限公司附設臺中市私立誠明文理短期補習班大墩分班,407台中市西屯區大墩路968號
42200411050001,私立立揚文理短期補習班,404台中市北區梅亭街210號
42200411250002,臺中市私立小未來美語短期補習班,403台中市西區五權七街156號
42200410210003,私立阿丹美術短期補習班,406台中市北屯區旅順路1段98-1號
42200412300001,臺中市私立可倪美語會話短期補習班,404台中市北區陝西路59號
42200410140001,臺中市私立奇德兒文理美術短期補習班,407台中市西屯區至善路65巷56號
42200410260002,臺中市私立坦華電腦附設美語短期補習班,407台中市西屯區西安街76巷23號
42200409240002,私立新上文理短期補習班,406台中市北屯區大連路3段84號
42200409090001,私立牛噸英、日語短期補習班,403台中市西區博館三街86號
42200408180002,臺中市私立瑞比特美語短期補習班,404台中市北區雙十路2段40巷8號
42200408270001,臺中市私立逢甲文理短期補習班,407台中市西屯區烈美街185號
42200404130001,私立麥斯特美語短期補習班,406台中市北屯區軍福十三路385號
42200410270001,私立馬禮蘭美語會話短期補習班梅川分班,406台中市北屯區梅川東路5段486號
42200409240001,私立摩馬美術附設日語會話短期補習班,408台中市南屯區河南路4段436號
42200409030002,維德文教有限公司附設臺中市私立顧德文理短期補習班,408台中市南屯區大墩十街351號
42200409230001,私立榮蕙美語會話短期補習班,406台中市北屯區東山路1段146號
42200406250005,私立一吉名電腦附設美語短期補習班,408台中市南屯區向上南路1段325號
42200408160003,臺中市私立前進美、歐語會話短期補習班,407台中市西屯區河南路2段327號
42200406010002,愛格特有限公司附設台中市私立愛格特美語短期補習班,406台中市北屯區陳平一街18號
42200406250004,臺中市私立丹尼爾美語短期補習班,407台中市西屯區福雅路128巷13號
42200405240001,私立學寧文理短期補習班,408台中市南屯區保安一街79號
42200407120001,私立彌森特音樂短期補習班,402台中市南區建國南路1段262、262-1號
42200407050002,私立神奇屋音樂、舞蹈短期補習班,406台中市北屯區文心路4段934號
42200310130002,臺中市私立喬伊英語會話短期補習班,401台中市東區進化路207號
42200501140005,私立果果文理短期補習班,406台中市北屯區北屯路388號
42200403300002,台中市私立育學文理理短期補習班,406台中市北屯區昌平路2段50-6巷8號
42200403250001,臺中市私立數亞文理短期補習班,402台中市南區南屯路1段245號
42200403120002,私立約瑟分美語會話短期補習班,406台中市北屯區安順東五街8號
42200402040002,臺中市私立吳中數學短期補習班,402台中市南區美村南路7號
42200403180001,私立皮亞傑文理短期補習班,403台中市西區五權五街78號
42200401120001,私立士佳文理短期補習班,403台中市西區自治街19號
42200405109004,私立芸笙音樂美語短期補習班,台中市潭子區勝利12街43號
42200401060002,優質文教事業有限公司附設臺中市私立優質文理短期補習班,408台中市南屯區文心路1段294號
42200307310001,私立山姆叔叔美語短期補習班,406台中市北屯區北平路3段21號
42200402230001,私立當代美語會話短期補習班,408台中市南屯區大墩十街262號
42200309180002,臺中市私立聖林文理短期補習班,402台中市南區工學北路171號
42200312310002,臺中市私立幾米美語短期補習班,408台中市南屯區大墩十二街648號
42200311260002,臺中市私立巨明數學短期補習班,403台中市西區太原路1段78號
42200312020003,巨匠電腦股份有限公司附設台中市私立巨匠電腦短期補習班公益分班,403台中市西區公益路90號
42200311040003,臺中市私立中科美語會話短期補習班,407台中市西屯區逢甲路301巷26號
42200309030002,臺中市私立毛毛蟲國語文短期補習班,402台中市南區復興路3段326號
42200306190002,臺中市私立華特文理短期補習班,406台中市北屯區中清路二段1226巷86號
42200311030001,臺中市私立雅韻音樂美術短期補習班,408台中市南屯區惠中路3段30之2號
42200311200004,臺中市私立康軒文理短期補習班,403台中市西區自治街3-4號
42200309090002,私立馬奇美術附設美語會話短期補習班,403台中市西區大業北路37號
42200309080002,私立正文文理美語會話短期補習班,408台中市南屯區永春東路495號
42200306190004,朱希教育股份有限公司附設臺中市私立朱希文理短期補習班,408台中市南屯區惠中路3段30之5號
42200307280001,台中市私立摩根文理短期補習班,406台中市北屯區崇德五路85號
42200307290003,臺中市私立高群文理短期補習班,403台中市西區五權七街126號
42200305230001,臺中市私立惠新珠心算短期補習班,408台中市南屯區向上路1段714號
42200305190004,臺中市私立飛鳳舞蹈短期補習班,402台中市南區復興路3段314號
42200304210001,朱希教育股份有限公司附設臺中市私立敦品文理短期補習班,408台中市南屯區大墩四街252號
42200304280003,臺中市私立新奧林匹亞文理短期補習班,408台中市南屯區公益路2段437號
42200305060001,臺中市私立蕾迪文理短期補習班,402台中市南區國光路七巷9號
42200304280001,私立聖特舞蹈短期補習班,408台中市南屯區五權西路2段232號
42200303180002,臺中市私立道兒頓美語短期補習班,407台中市西屯區大墩十九街116號
42200302250001,私立紅蕃茄美術附設美語會話短期補習班,406台中市北屯區河北路2段186號
42200302170010,私立洋學堂英語會話短期補習班,404台中市北區太原路3段78之16號
42200302170002,臺中市私立眾允美語會話短期補習班,台中市中市北屯區大連路1段134號
42200302190002,臺中市私立鈞鼎美語會話短期補習班,407台中市西屯區福科路256號
42200304150004,私立大樹下音樂短期補習班,408台中市南屯區南屯路2段290號
42200306130003,格蘭事業股份有限公司臺中文心分公司附設臺中市私立格言英語會話短期補習班,406台中市北屯區河北路2段118號
42200304170001,台中市私立海笛音樂短期補習班,406台中市北屯區崇德路2段502號
42200302060001,私立故事講堂國語藝術短期補習班,408台中市南屯區向上路1段698號
42200303250004,臺中市私立英格蘭英語短期補習班,407台中市西屯區福雅路160號
42200303210001,臺中市私立喜樂美語會話短期補習班,407台中市西屯區逢甲路72巷3號
42200303210008,私立聖儒文理短期補習班,406台中市北屯區東山路1段216之38號
42200604250003,臺中市私立維特瑞文理短期補習班,406台中市北屯區河北路2段180號
42200303200003,私立立英文理短期補習班,406台中市北屯區東山路1段254號
42200211020001,臺中市私立瀚文英語會話短期補習班,407台中市西屯區甘肅路1段117號
42200306110002,私立追夢高手電腦短期補習班,404台中市北區三民路3段217號
42200304250007,臺中市私立祥意文理短期補習班,403台中市西區五權七街130號
42200210160004,學獅教育股份有限公司附設臺中市私立樂獅美語短期補習班,402台中市南區福田路70號
42200306110004,私立提卡美術短期補習班,404台中市北區漢口路4段303號
42200211010001,臺中市私立育群美語會話短期補習班,407台中市西屯區福科路467號
42200209110003,私立英皇美語會話短期補習班,408台中市南屯區南屯路2段235巷25號
42200301220001,臺中市私立紙風車美術短期補習班,402台中市南區崇倫北街58號
42200306110003,臺中市私立好亮典文理短期補習班,402台中市南區福田三街157號
42200208120595,私立佳園珠心算短期補習班,406台中市北屯區崇德六路42號
42200208120530,私立大塊國語文短期補習班,406台中市北屯區安順二街53號
42200210160001,私立新正一文理短期補習班,406台中市北屯區僑孝街87號
42200208120594,私立經典珠心算附設美語短期補習班,406台中市北屯區漢口路5段194號
42200208120291,台灣知識庫股份有限公司附設臺中市私立逢甲數位學堂文理短期補習班,407台中市西屯區河南路2段319號
42200208120588,臺中市私立愛育珠心算美語會話短期補習班,407台中市西屯區河南路2段301巷7號
42200208120527,私立茱麗亞美語會話短期補習班,408台中市南屯區大進街565巷2號
42200208120707,私立海韻音樂美術短期補習班,406台中市北屯區東山路1段216之35號
42200208120672,私立大中華餐旅烹飪短期補習班,404台中市北區南京東路2段123之1號
42200208120292,私立昇晟文理短期補習班,403台中市西區中美街67號
42200208120523,私立佳众美語會話短期補習班,404台中市北區篤行路308號
42200208130001,臺中市私立南瓜英語會話短期補習班,402台中市南區德富路97號
42200208120589,臺中市私立嘉倫文理短期補習班,401台中市東區進化路221巷5號
42200208120751,私立小學館文理短期補習班,408台中市南屯區大英西一街85號
42200208120520,私立小宇宙美語會話短期補習班,408台中市南屯區河南路4段498號
42200208120706,私立華藝音樂文理短期補習班,406台中市北屯區豐樂路10之28號
42200208120753,臺中市私立黃謙設計短期補習班,401台中市東區復興路4段231-3號
42200208120744,私立佳藝美術短期補習班,404台中市北區三民路3段217號
42200208120514,臺中市私立威爾斯英語會話短期補習班,404台中市北區雙十路2段40巷52號
42200208120699,私立布拉姆音樂短期補習班,403台中市西區五權一街27號
42200208120649,臺中市私立種籽電腦附設美語會話短期補習班,407台中市西屯區西屯路2段259之8號
42200208120276,私立公益傑瑞文理短期補習班,408台中市南屯區公益路2段495號
42200208120480,臺中市私立百優美語會話短期補習班,407台中市西屯區福科路960號
42200208120493,私立華勝頓美語會話短期補習班,406台中市北屯區安順東五街22號
42200208120483,私立國瓏美語會話短期補習班,401台中市東區進化路218號
42200208120275,私立巨光文理短期補習班,406台中市北屯區九龍街208號
42200208120517,臺中市私立馬禮蘭美語會話短期補習班,404台中市北區太原路2段50號
42200208120642,臺中市私立母子鳥電腦附設美語短期補習班,407台中市西屯區西屯路2段297之8巷9、11號
42200208120497,私立瑪歇爾美語會話短期補習班,408台中市南屯區大墩十一街376號
42200208120257,私立劉蔚文理短期補習班,408台中市南屯區大昌街473號
42200208120881,臺中市私立育文才藝中心,400台中市中區興中街94號
42200208120637,臺中市私立大元美語附設技藝短期補習班,402台中市南區正義街259號
42200208120581,私立華碩法商短期補習班,403台中市西區居仁街10號
42200208120253,私立鴻揚文理短期補習班,406台中市北屯區瀋陽路3段79號
42200208120582,敦龍文教事業有限公司附設臺中市私立開新文理技藝短期補習班,408台中市南屯區向上南路1段271號
42200208120697,睿智教育股份有限公司附設臺中市私立酷博電腦文理短期補習班,408台中市南屯區向上南路1段327號
42200208120701,私立小星星音樂附設美語會話短期補習班,408台中市南屯區黎明東街431號
42200208120251,私立王子數學文理短期補習班,407台中市南屯區大進街667號
42200208120247,臺中市私立上弦月音樂短期補習班,404台中市北區雙十路2段40巷28號
42200208120876,私立怡心才藝中心,406台中市北屯區東山路1段210巷13號
42200208120473,私立哥倫比亞美語短期補習班,403台中市西區五權西五街129號
42200208120695,臺中市私立奧斯佛音樂短期補習班,404台中市北區崇德路1段548之4號
42200208120245,私立林子文理短期補習班,403台中市西區英才路455號
42200208120741,私立佳仕得美術短期補習班,403台中市西區五權路2之143號
42200208120630,私立聖元電腦附設美語短期補習班,406台中市北屯區東山路1段220之8號
42200208120693,臺中市私立大師音樂短期補習班,407台中市西屯區福科路337號
42200208120860,臺中市私立錦信才藝中心,402台中市南區工學路58巷6號
42200208120867,私立博約瑟才藝中心,408台中市南屯區向上路3段15號
42200208120333,私立佳臻英語會話短期補習班,403台中市西區五權五街129號
42200208120862,私立第一才藝中心,403台中市西區四維街42號
42200208120243,私立全方位文理短期補習班,408台中市南屯區寶山二街26號
42200208120601,台中市私立九華土木消防短期補習班,400台中市中區自由路2段8號
42200208120844,私立飛梭美語短期補習班,408台中市南屯區大進街665號
42200208120836,私立歡樂奇異果文理短期補習班,400台中市北區梅川西路3段19號
42200208120833,私立小海豚才藝中心,406台中市北屯區雷中街2之7號
42200404260001,私立皓翰文理短期補習班,401台中市東區振興路347號
42200208120623,臺中市私立欣岐電腦附設文理短期補習班,401台中市東區建功街91號
42200208120624,私立智光電腦短期補習班,406台中市北屯區綏遠路2段193號
42200208120692,私立愛的真諦音樂短期補習班,403台中市西區忠明南路422號
42200208120578,臺中市私立大益珠心算短期補習班,403台中市西區忠明南路424號
42200208120820,臺中市私立裕祥才藝中心,404台中市北區原子街17、19號
42200208120725,私立嬅欣舞蹈短期補習班,401台中市東區進化路221巷1之1號
42200208120215,私立精進文理短期補習班,406台中市北屯區崇興路1段83號
42200208120577,私立領秀珠心算短期補習班,408台中市南屯區萬和路1段41之5號
42200208120205,臺中市私立律川文理技藝短期補習班,402台中市南區瑞豐街82號
42200208120809,財團法人功學社學術獎助基金會附設台中市私立東欣才藝中心,407台中市西屯區東興路3段315號
42200208120200,臺中市私立厚思文理短期補習班,406台中市北屯區僑孝街63號
42200208120502,長頸鹿文化事業股份有限公司附設臺中市私立長頸鹿美語會話短期補習班,406台中市北屯區文心路4段81號
42200208120808,臺中市私立潘德才藝中心,407台中市西屯區烈美街185號
42200208120209,私立韓老師文理短期補習班,406台中市北屯區平德路30號
42200208120222,私立仁人文理短期補習班,406台中市北屯區陳平路106號
42200208120800,財團法人功學社學術獎助基金會附設台中市私立興安才藝中心,406台中市北屯區興安路1段271號
42200208120621,私立麥克電腦短期補習班,406台中市北屯區安順東七街42號
42200208120802,私立資優才藝中心,406台中市北屯區松義街129號
42200208120619,私立全民電腦短期補習班,403台中市西區中港路1段133號
42200208120794,臺中市私立廣達才藝中心,404台中市北區漢口路4段180號
42200208120789,私立文漢才藝中心,403台中市西區五權七街166號
42200208120196,私立動手做文理短期補習班,408台中市南屯區大墩14街260號
42200208120797,私立得榮才藝中心,406台中市北屯區北屯路48之1號
42200208120435,臺中市私立子揚美語短期補習班,402台中市南區建成路1100號
42200208120191,私立非常文理短期補習班,406台中市北屯區僑孝街43號
42200208120786,私立陳媽媽才藝中心,406台中市北屯區國校巷41之10、11號
42200208120576,臺中市私立龍珠心算短期補習班,404台中市北區篤行路90巷2弄15號
42200208120788,私立勵學才藝中心,406台中市北屯區河北路2段182號
42200208120779,私立小豆豆才藝中心,401台中市東區大興街93巷3號
42200208120780,私立親親兒童才藝中心,406台中市北屯區北興街13號
42200208120599,私立中華電工技術短期補習班,404台中市北區南京東路2段15號
42200208120179,臺中市私立喜而愛文理短期補習班,407台中市西屯區河南路2段74巷16號
42200208120618,私立禾雅電腦音樂短期補習班,406台中市北屯區北屯路428號
42200208120172,私立育人文理短期補習班,406台中市北屯區瀋陽路1段89號
42200208120173,私立得榮文理短期補習班,406台中市北屯區北屯路48之1號
42200310080001,社團法人中國青年救國團台中諮商輔導中心附設心理成長短期補習班,404台中市北區進化北路369號
42200208120764,臺中市私立美至亞才藝中心,404台中市北區篤行路385巷18號
42200208120418,私立大聖美語會話短期補習班,408台中市南屯區溝墘里大聖街354號
42200208120158,朱希教育股份有限公司附設臺中市私立敦學文理短期補習班,408台中市南屯區大墩五街291號
42200208120416,臺中市私立萬翔航空英日語會話短期補習班,404台中市北區三民路3段52之4號
42200208120161,臺中市私立百特文理短期補習班,404台中市北區漢口路4段95號
42200208120162,私立志懋大昌文理短期補習班,408台中市南屯區大昌街528號
42200208120736,私立龍格畫室美術短期補習班,404台中市北區三民路3段54巷19之3號
42200208120163,臺中市私立許逸宏文理短期補習班,403台中市西區公館路35號
42200208120146,臺中市私立向日葵美術文理短期補習班,408台中市南屯區大光街4之2號
42200208120148,臺中市私立三才文理短期補習班,407台中市西屯區中工二路86、88號
42200208120150,私立惠理文理短期補習班,406台中市北屯區北華街113巷16號
42200208120735,私立采唐美術短期補習班,403台中市西區昇平街89號
42200208120131,臺中市私立翰霖文理短期補習班,402台中市南區復興路2段138號
42200208120568,臺中市私立典宸法商語文短期補習班,400台中市中區中山路27號
42200208120614,台中市私立普林斯敦電腦音樂短期補習班,406台中市北屯區中清路2段553號
42200208120612,臺中市私立繆思音樂藝術短期補習班,406台中市北屯區崇德六路1段117號
42200208120395,臺中市私立力行英語會話短期補習班,404台中市北區篤行路385之6號
42200208120117,私立盟昌文理電腦短期補習班,401台中市北屯區南京東路3段19號
42200208120734,私立蘇荷美術短期補習班,407台中市南屯區大墩16街7號
42200208120118,臺中市私立以琳文理音樂短期補習班,406台中市北屯區陳平路51號
42200208120611,巨匠電腦股份有限公司附設臺中市私立鉅匠電腦短期補習班,404台中市北區三民路3段52之2號
42200208120111,私立文銘文理短期補習班,408台中市南屯區文山九街87號
42200208120689,私立鈴木音樂才能短期補習班,404台中市北區忠太東路58號
42200208120097,私立陳贊民文理短期補習班,404台中市北區育才街六巷2之1號
42200208120380,私立早稻田英日語會話短期補習班,402台中市南區忠明南路1211、1213號
42200310220004,私立銘人文理短期補習班,403台中市西區美村路1段164巷30號
42200208120074,私立愛德華文理短期補習班,406台中市北屯區興安路1段122號
42200208120064,臺中市私立弘大文理短期補習班,407台中市西屯區忠義街106號
42200208120068,臺中市私立正乾文理短期補習班,402台中市南區復興路3段248號
42200208120058,私立小博士文理短期補習班,401台中市東區大振街97號
42200208120052,臺中市私立早早學文理美語會話短期補習班,407台中市西屯區中工三路153巷10弄5號
42200208120055,元大教育事業股份有限公司附設臺中市私立欣德文理短期補習班,403台中市西區繼光街18號
42200208120556,私立國恩珠心算短期補習班,406台中市北屯區崇德六路61號
42200208120369,臺中市私立千輝中國語文短期補習班,407台中市西屯區西屯路2段231號
42200208120723,私立楊久美瑜珈短期補習班,403台中市西區五權路2之143號
42200208120365,臺中市私立台中佳音英語會話短期補習班,401台中市東區信義街39、41號
42200208120650,臺中市私立英才環球村電腦附設美日語短期補習班,404台中市北區英才路396號
42200208120362,私立傑人英語會話短期補習班,403台中市西區中美街132號
42200208120550,私立新快樂兒童珠心算短期補習班,403台中市西區五權七街168號
42200208120686,私立擊樂音樂短期補習班,404台中市北區進化北路221號
42200208120356,私立唐代英英語會話短期補習班,403台中市西區三民路1段191號
42200208120037,私立三元文理短期補習班,401台中市東區復興路4段53號
42200208120039,私立功名文理短期補習班,400台中市中區民族路20號
42200208120547,私立頂尖心算短期補習班,404台中市北區健行路409號
42200208120546,臺中市私立不倒翁珠心算速讀短期補習班,401台中市東區臺中路145號
42200208120024,臺中市私立名揚文理短期補習班,407台中市西屯區重慶路255號
42200208120339,私立里昂法語會話短期補習班,406台中市北屯區熱河路3段73號
42200208120732,私立國際珠寶鑑定職業短期補習班,401台中市中區綠川西街145號
42200208120337,臺中市私立新康乃爾英語會話短期補習班,402台中市南區國光路218號
42200208120334,私立佳音英語會話短期補習班,403台中市西區三民路1段176之2號
42200208120007,私立新民高級中學附設文理短期補習班,404台中市北區三民路3段289號
42200208120313,私立國語文文理短期補習班,403台中市西區自治街155號
42200208120717,私立素娟舞蹈職業短期補習班,404台中市北區中華路2段49號
42200208120718,臺中市私立麗群舞蹈美容短期補習班,402台中市南區正義街43號
42200208120540,私立新民高工職業學校附設電子計算機短期補習班,404台中市北區三民路3段289號
42200208120312,臺中市私立成功英日語會話短期職業補習班,400台中市中區綠川東街32號
42200208120714,私立真真舞蹈短期職業補習班,400台中市中區中華路1段171號
42200208120713,臺中市私立美美舞蹈職業短期補習班,400台中市中區中華路1段171號
42200208120665,私立新美縫紉職業短期補習班,404台中市北區梅亭街516號
42200208120663,私立素美縫紉短期職業補習班,403台中市西區五權路2之98號
42200208120002,臺中市私立立人文理短期補習班,404台中市北區三民路3段94巷2號
20200811181658,臺北市私立羅斯福文理短期補習班,台北市中正區廈門街52號
20200811181443,臺北市私立惠群舞蹈短期補習班,台北市內湖區港漧路26巷11號
62201911270001,臺南市私立小畫家技藝短期補習班,台南市東區崇德22街73號
62201612070001,臺南市私立張捷文理短期補習班,台南市安平區建平11街252號
62201611240002,臺南市私立天子安平文理短期補習班,台南市安平區建平11街116號
62201504200001,頂美教育股份有限公司附設臺南市私立頂英文理短期補習班,台南市中西區頂美1街76巷6號
62201503090001,臺南市私立睿安文理短期補習班,台南市安平區建平11街64號
62201206040001,臺南市私立致和文理短期補習班,台南市東區裕農3街203號
62200912179001,臺南市私立家欣文理短期補習班,台南市善化區茄拔嘉北里2-7號
62200906030003,臺南市私立童黏童畫美術短期補習班,台南市東區崇德19街76號
62200804210004,臺南市私立領袖學院艾德文理短期補習班,台南市東區崇德22街66號
62200711270002,臺南市私立彩虹森林藝術短期補習班,台南市安南區安豐4街86號
62200705240003,臺南市私立尚德文理短期補習班,台南市安南區育安4街95號
62200610180001,臺南市私立吳郭魚美術短期補習班,台南市東區崇德8街48號
62200608180001,臺南市私立里仁文理短期補習班,台南市東區裕農3街207號
62200606280001,臺南市私立伯倫美語短期補習班,台南市東區裕農3街225號
62200605240001,臺南市私立立得文理短期補習班,台南市安南區安豐6街202號
62200606070001,臺南市私立育安英文短期補習班,台南市安南區功安4街117號
62200602110002,臺南市私立育傑文理短期補習班,台南市東區崇善15街7巷96號
62200601060002,臺南市私立方圓文理短期補習班,台南市北區文賢2街453號
62200512080001,臺南市私立天橋美語短期補習班,台南市東區崇德22街95號
62200510279002,臺南市私立駱若男音樂短期補習班,台南市永康區鹽行路200號
62200508150001,臺南市私立耕耘文理短期補習班,台南市北區文賢1路111號
62200501060007,臺南市私立樂音社文理音樂短期補習班,台南市東區裕農3街213號
62200407200001,臺南市私立獅王文理短期補習班,台南市東區裕農3街211號
62200401020001,臺南市私立永華心算文理技藝短期補習班,台南市南區鹽埕路103巷33號
62200311130002,臺南市私立長昱文理短期補習班,台南市安南區育安2街32號
62200305289007,臺南市私立孩子王文理短期補習班,台南市永康區鹽行路91號
62200304020007,臺南市私立智慧王美語美術短期補習班,台南市東區崇德7街30巷45號
62200211190004,臺南市私立保正佳文理短期補習班,台南市北區育德3街221巷2號
62200208290002,臺南市私立查理文理短期補習班,台南市南區鹽埕路103巷35號
62200208069068,臺南市私立欣橋文理短期補習班,台南市安定區保西里455號
62200208280007,蓁宏文教事業有限公司附設臺南市私立蓁宏文理短期補習班,台南市東區裕農3街171號
62200208270010,臺南市私立安順華偉文理短期補習班,台南市安南區安豐6街208號
62200205202123,頂美教育股份有限公司附設臺南市私立頂美文理短期補習班,台南市中西區頂美1街47號
62200304220001,臺南市私立元喬美語短期補習班崇明分班,台南市東區崇明17街11號
62200208069031,臺南市私立全能文理短期補習班,台南市永康區鹽行路100巷27號
62200205200078,臺南市私立學佳文理短期補習班,台南市東區裕和2街95號
62200205200045,臺南市私立沈博士英文短期補習班,台南市東區崇善15街33巷66號
62200205200066,臺南市私立長春珠心算短期補習班,台南市安南區安豐6街79號
62200205170030,臺南市私立文聖文理短期補習班,台南市東區崇德23街65號
89201910250001,臺東縣私立三合院樂學園文理短期補習班,台東縣臺東市臺東市豐盛路12號
89200701120004,臺東縣私立A+文理短期補習班,台東縣臺東市台東市新生路718號
89200701120003,臺東縣私立英才文理短期補習班,台東縣臺東市台東市泰安街39號
89200701100001,臺東縣私立謝老師英語教室短期補習班,台東縣臺東市台東市中正路392巷13號
52202203050001,嘉義市私立心教育文理短期補習班,600001嘉義市西區垂楊路400號
52202107140001,嘉義市私立澔學文理短期補習班,600027嘉義市西區重慶路226號
52202106230001,嘉義市私立天欣文理技藝短期補習班,600043嘉義市東區興安里環興街67號
52202106160001,嘉義市私立駿育文理短期補習班,600063嘉義市東區嘉北街46號
52202104130001,嘉義市私立沛樂多文理技藝短期補習班,600001嘉義市西區垂楊路400號
52202105310001,嘉義市私立駿驜文理短期補習班,600001嘉義市西區垂楊路365號
52202105260001,嘉義市私立羅奇文理短期補習班,600022嘉義市西區培元里新榮路95號
52202105260002,嘉義市私立得魚文理短期補習班,600035嘉義市東區市宅街47-1號
52202005180001,嘉義市私立夢想樹文理短期補習班,600063嘉義市東區嘉北街66巷45號
52202004110002,嘉義市私立守璽文理技藝短期補習班,600037嘉義市東區吳鳳南路24號
52202001160002,嘉義市私立精選文理短期補習班,600063嘉義市東區嘉北街12巷33號
52202001080001,嘉義市私立學程文理短期補習班,600041嘉義市東區小雅路515號
52201910170001,嘉義市私立弘育文理短期補習班,600054嘉義市西區文化路547號
52201908160001,嘉義市私立日安人文文理短期補習班,600040嘉義市東區短竹里彌陀路296-2號
52201907090002,嘉義市私立崇揚文理短期補習班,600009嘉義市東區垂楊路316號
52201901100001,嘉義市私立快雪時晴文理短期補習班,600001嘉義市西區垂楊路365號
52201803160001,嘉義市私立偉文文理短期補習班,600001嘉義市西區垂楊路400號
52201803140001,嘉義市私立晨菓教室文理短期補習班,600084嘉義市西區德安路47號
52201707040001,嘉義市私立三民商業文理短期補習班,600004嘉義市西區蘭井街465號
52201702180001,嘉義市私立丞耘創藝文理技藝短期補習班,600038嘉義市東區興村街48號
52201508310001,嘉義市私立夢想家技藝短期補習班,600075嘉義市西區雙竹街86號
52201310040001,嘉義市私立舒伯特文理短期補習班,600047嘉義市東區大雅路2段476號
52201104110001,李揚教育股份有限公司附設嘉義市私立識學文理短期補習班,600003嘉義市西區延平街448號
52201103160001,嘉義市私立杰德文理短期補習班,600011嘉義市東區中山里18鄰維新路112號
52201103090001,嘉義市私立大能力文理短期補習班,600030嘉義市西區仁愛路142號
52201005190001,台灣立碁知識科技有限公司附設嘉義市私立立碁文理短期補習班,600006嘉義市西區國華街245號
52200906050002,嘉義市西區私立得分王文理短期補習班,600083嘉義市西區國安三街19號
52200812290003,嘉義市私立五線譜技藝短期補習班,600035嘉義市東區市宅街34-1號
52200812290001,嘉義市私立汶妡文理短期補習班,600030嘉義市西區仁愛一街67號
52200705070001,嘉義市私立蘭德文理短期補習班,600036嘉義市東區崇文街143號
52200703280001,嘉義市私立環境文理短期補習班,600025嘉義市西區車店里蘭州三街98號
52200703210002,嘉義市私立高平文理短期補習班,600019嘉義市西區南京路126巷1號
52200701090002,嘉義市私立宏黌文理短期補習班,600003嘉義市西區延平街448號
52200701090001,嘉義市私立伯睿特文理短期補習班,600062嘉義市東區義教街607號
52200612110003,嘉義市私立柯林文理短期補習班,600032嘉義市西區溫州一街113-1號
52200608070001,嘉義市私立嘉大文理短期補習班,600063嘉義市東區嘉南街5之5號
52200606220002,嘉義市私立至德菁英文理短期補習班,600027嘉義市西區重慶路38號
52200606270001,嘉義市私立資優生文理短期補習班,600032嘉義市東區大業街106巷60號
52200606150001,嘉義市私立必勝文理短期補習班,600080嘉義市西區大同路32號
52200606070001,嘉義市私立金牌文理短期補習班,600063嘉義市東區嘉北街26號
52200606150003,嘉義市私立川升文理短期補習班,600022嘉義市西區永安街341號
52200605080004,嘉義市私立亞斯頓文理短期補習班,600071嘉義市西區友和路90號
52200602200001,嘉義市私立愛兒彌文理短期補習班,600059嘉義市東區義教東路52號
52200601160005,私立簡恩文理短期補習班,600031嘉義市西區徐州六街46號
52200509120001,嘉義市私立佳興文理短期補習班,600063嘉義市東區嘉北街104號
52200509210001,嘉義市私立艾德爾文理短期補習班,600011嘉義市東區延平街140之1號
52200507190001,嘉義市私立貝萊登文理短期補習班,600061嘉義市東區林森東路541號
52200501040001,嘉義市私立貝斯特文理短期補習班,600063嘉義市東區嘉北街66巷8號
52200412160001,嘉義市私立新奧林匹克文理短期補習班,600057嘉義市西區友忠路1007號
52200412090004,嘉義市私立新時代文理短期補習班,600057嘉義市西區合江街158號
52200208160001,嘉義市私立陽明文理短期補習班,600009嘉義市東區垂楊路316號
52200207260004,嘉義市私立冠語文理短期補習班,600032嘉義市東區大業街184巷19弄20號
52200207230026,嘉義市私立大圓文理短期補習班,600024嘉義市西區志昇街61號
52200207230027,嘉義市私立鷹堡文理短期補習班,600027嘉義市西區重慶路72號
52200205272187,嘉義市柏克來文理技藝短期補習班,600043嘉義市東區立仁路63巷52號
52200205270050,嘉義市私立顧群文理短期補習班,600014嘉義市東區民樂街25之1號
52200205270082,嘉義市私立育名文理短期補習班,600038嘉義市東區溪興街23號
52200205270069,嘉義市私立顧德文理短期補習班,600075嘉義市西區德陽街35號
52200205270066,嘉義市私立嘉育達文理短期補習班,600003嘉義市西門街165號
52200205272172,嘉義市私立哥倫比亞文理短期補習班,600026嘉義市東區興業東路240號
52200205272104,嘉義市私立高瞻文理短期補習班,600052嘉義市忠孝路568之2號
52200205280016,志光教育科技股份有限公司附設嘉義市私立正志光文理短期補習班,600006嘉義市西區中山路386號
53201910040001,嘉義縣私立河合音樂技藝短期補習班,太保市嘉義縣太保市安仁里11鄰祥和三路東段280號
39200607060001,私立長勝珠心算文理短期補習班,宜蘭縣五結鄉舊街二路59巷46號
39200208090011,私立采藝舞蹈短期補習班,宜蘭縣五結鄉舊街二路126巷5號
87201811090001,屏東縣私立宋老師文理短期補習班,屏東縣潮州鎮華嚴街88-2號
87201607060001,屏東縣私立樂思文理短期補習班,屏東縣屏東市大武里建國路139號
87201512100001,屏東縣私立家芸文理技藝短期補習班,屏東縣九如鄉東寧(村)路61號
87201001050001,屏東縣私立國際美語文理短期補習班,屏東縣萬丹鄉萬生村成功路一段17號
87200804020001,屏東縣私立杰昇文理短期補習班,屏東縣屏東市大武里華盛街1-32號
47201502020002,彰化縣私立頂尖保進美語短期補習班,彰化縣彰化市南管街72號
47201108010001,彰化縣私立幸福外語短期補習班,彰化縣彰化市南瑤路345號
47200808250002,私立立倫美語短期補習班,彰化縣員林市山腳路四段169號
47200612150001,私立慧群美語短期補習班,彰化縣員林市山腳路4段59號
47200307010003,私立瑪麗美語短期補習班,彰化縣彰化市平和里建和街50號
21201910020001,私立博文文理短期補習班,新北市板橋區板橋區長江路1段48巷12號
21201908300001,私立嘉泓文理短期補習班,新北市樹林區啟智街129之9號
21201706200001,私立英冠文理短期補習班,新北市樹林區啟智街129號
21201411040002,私立當代私塾美語短期補習班,新北市樹林區啟智街135號
21201106200001,私立翰林文理語文短期補習班,新北市樹林區啟智街129之8號
21201011170001,私立心算嘉文理技藝短期補習班,新北市樹林區啟智街149號
21201005180002,私立耀德語文短期補習班,新北市中和區漢民路405號
21200702120003,私立有桐文理美術短期補習班,新北市八里區龍行二街3巷2號
21200606060006,私立永宜文理語文短期補習班,新北市中和區漢民路410號
21200605160004,私立群耀語文短期補習班,新北市新莊區幸褔路745號
21200208022452,私立超群語文短期補習班,新北市汐止區民權路2段81巷6、8號
21200208022159,私立強棒文理短期補習班,新北市土城區明峰街59號
35201803130001,新竹市私立吉尼文理短期補習班,新竹市東區龍山里科學園路180號
35201105020007,財團法人信誼基金會附設新竹市私立光明文理短期補習班,新竹市光明新村187號
35200903190002,新竹市私立立文文理短期補習班,"30054  新竹市北區武陵路57號"
35200509230001,新竹市私立基音美語短期補習班,新竹市金山27街57號
36202107220001,新竹縣私立森學院文理技藝短期補習班,新竹縣竹北市勝利15街266、268號
36202012080001,新竹縣私立孩子王感統韻律舞蹈技藝短期補習班,新竹縣竹北市勝利11路65號
36201311070001,新竹縣私立翰銳藝術短期補習班,新竹縣竹北市成功11街156號
36201107010001,新竹縣私立你最棒韻律舞蹈短期補習班,新竹縣竹北市縣政14街32-1號
36201106210001,新竹縣私立麻吉小學堂文理才藝短期補習班,新竹縣竹北市縣政14街50號
36201007200001,新竹縣私立亞格文理短期補習班,新竹縣新豐鄉員山村26鄰學府路82號
36200804180003,私立沛騰美語短期補習班,新竹縣竹北市十興里光明一路73號
36200801170002,新竹縣私立學立壹號文理短期補習班,新竹縣竹東鎮中山段大林路1號
36200801090001,私立寶源文理短期補習班,新竹縣寶山鄉雙溪村寶新路一段56號
36200510170004,私立史努比文理短期補習班,新竹縣北埔鄉水祭村3鄰31-1號
36200207160032,私立高仕文理短期補習班,新竹縣竹北市縣政11街53號
33202012210001,朝陽富元教育股份有限公司附設私立朝揚文理短期補習班龜山分班,桃園市龜山區光峯路6之1號
33201601040002,私立變形蟲美術短期補習班,桃園市龜山區金峰街24巷18號
33201204120001,私立親親語文數學短期補習班,桃園市龜山區光峯路246號
33201001050001,私立愛樂棻音樂語文短期補習班,桃園市觀音區草漯村九如ㄧ街35號
33200910060002,私立貝多芬語文珠心算短期補習班,桃園市桃園區正光街122號
33200811250001,私立英傑美語短期補習班,桃園市大溪區大溪鎮仁和東街101號
33200612210021,私立博士登文理美語短期補習班,桃園市觀音區草漯村四維二街46號
33200505230005,私立上格美語短期補習班,桃園市蘆竹區中福村一鄰上興路110號
33200306100003,私立紅寶山美語珠算短期補習班,桃園市龜山區紅寶3街13號
33200211190004,私立燈塔美語會話短期補習班,桃園市中壢區金山2街22號
33200209180002,私立明冠語文文理短期補習班,桃園市桃園區忠2路4號
33200210020001,私立英普力美語短期補習班,桃園市中壢區榮安13街216號
33200209180026,私立富竑音樂短期補習班,桃園市中壢區慈惠3街121號
33200306180001,私立育昇文理數學美語自然短期補習班,桃園市桃園區陽明9街45號
33200209120004,私立活用美語珠心算短期補習班,桃園市中壢區執信1街23號
38201603240001,私立勵智文理短期補習班,花蓮縣花蓮市花蓮市中和街91號
38201510150001,私立動動腦兒童教室文理短期補習班,花蓮縣花蓮市花蓮市廣東街97號
38201101200001,私立昇達文理短期補習班,花蓮縣吉安鄉慶豐9街341號
38200409110001,私立林老師技藝短期補習班,花蓮縣吉安鄉北昌3街18巷10號
38200407310001,伯爵教育科技股份有限公司附設私立伯爵文理短期補習班,花蓮縣吉安鄉荳蘭3街25號
38200208052155,私立小袋鼠文理技藝短期補習班,花蓮縣花蓮市國富21街42號
38200208052102,私立凱揚才藝語文文理技藝短期補習班,花蓮縣吉安鄉仁里12街45號
38200208050094,私立愛可美語短期補習班,花蓮縣花蓮市國興2街97號
37202101200001,苗栗縣私立瑞斯英語文理短期補習班,苗栗市苗栗縣苗栗市正發路33號
37201806150001,苗栗縣私立首相文理短期補習班,苗栗縣竹南鎮開元里8鄰下街仔174號
37201208210001,苗栗縣私立新僑文理短期補習班,苗栗縣後龍鎮南龍里18鄰勝利路207之12號
37200206110013,苗栗縣私立華聯文理短期補習班,苗栗縣公館鄉大同路14鄰199號
37200707310001,苗栗縣私立神童圍棋技藝短期補習班,苗栗縣苗栗市北苗里29鄰文峰街83號
37200706230002,苗栗縣私立加舜文理短期補習班,苗栗縣頭份市蟠桃里自立街52號
37200206110055,苗栗縣私立茂德文理短期補習班,苗栗縣苗栗市北苗里19鄰文峰街99號
37200206110023,苗栗縣私立極力文理短期補習班,苗栗縣竹南鎮山佳里26鄰明德街92號
55201610130001,私立新力行文理短期補習班,雲林縣斗六市虎溪里正心路18號
55201006180001,私立超越英語短期補習班,雲林縣斗六市鎮北里北平路223巷1弄9號
55200806020001,私立波士頓文理短期補習班,雲林縣斗六市鎮北里長春路56號
55200504120001,私立弘儒文理短期補習班,雲林縣斗南鎮西岐里長安路一段27號
55200411090001,私立弘聖文理短期補習班,雲林縣莿桐鄉莿桐村南安路2之3號
55200212180001,私立仁新文理短期補習班,雲林縣北港鎮新街里民享路33號
55200207080079,私立聽說讀寫美語短期補習班,雲林縣林內鄉新興路253號
55200207082135,私立大狀元美語短期補習班,雲林縣崙背鄉羅厝里東興路157之1號
55200207090003,私立張月珍舞蹈短期補習班,雲林縣斗六市鎮北里長春路24號
70201905210001,私立群藝文理技藝短期補習班,高雄市仁武區仁信巷201弄11號
70200505259004,私立指揮家美語短期補習班,高雄市鳥松區本館路110號
70200205089270,私立喬聖文理短期補習班,高雄市鳥松區本館路287號
